Workbook

Sheet Paramètres
A3: Capacité cuve (L) | B3: 18000
A4: Niveau sécurité (%) | B4: 0.1
A5: Stock initial (L) | B5: 12000
A6: Seuil sécurité (L) | B6: =B3*B4

Sheet Commandes
A1: Date | B1: N° Châssis | C1: Montant | D1: PU | E1: Quantité livrée (L) | F1: Stock initial (L) | G1: Quantité vendue (L) | H1: Stock final (L) | I1: Alerte
E2: =IFERROR(C2/D2,0) | F2: =Paramètres!B5 | G2: =IFERROR(SUMIF(Ventes!A:A,A2,Ventes!B:B),0) | H2: =MAX(0,F2+E2-G2) | I2: =IF(H2<Paramètres!B6,"ALERTE","OK")
E3: =IFERROR(C3/D3,0) | F3: =H2 | G3: =IFERROR(SUMIF(Ventes!A:A,A3,Ventes!B:B),0) | H3: =MAX(0,F3+E3-G3) | I3: =IF(H3<Paramètres!B6,"ALERTE","OK")
E4: =IFERROR(C4/D4,0) | F4: =H3 | G4: =IFERROR(SUMIF(Ventes!A:A,A4,Ventes!B:B),0) | H4: =MAX(0,F4+E4-G4) | I4: =IF(H4<Paramètres!B6,"ALERTE","OK")
E5: =IFERROR(C5/D5,0) | F5: =H4 | G5: =IFERROR(SUMIF(Ventes!A:A,A5,Ventes!B:B),0) | H5: =MAX(0,F5+E5-G5) | I5: =IF(H5<Paramètres!B6,"ALERTE","OK")
E6: =IFERROR(C6/D6,0) | F6: =H5 | G6: =IFERROR(SUMIF(Ventes!A:A,A6,Ventes!B:B),0) | H6: =MAX(0,F6+E6-G6) | I6: =IF(H6<Paramètres!B6,"ALERTE","OK")
E7: =IFERROR(C7/D7,0) | F7: =H6 | G7: =IFERROR(SUMIF(Ventes!A:A,A7,Ventes!B:B),0) | H7: =MAX(0,F7+E7-G7) | I7: =IF(H7<Paramètres!B6,"ALERTE","OK")
E8: =IFERROR(C8/D8,0) | F8: =H7 | G8: =IFERROR(SUMIF(Ventes!A:A,A8,Ventes!B:B),0) | H8: =MAX(0,F8+E8-G8) | I8: =IF(H8<Paramètres!B6,"ALERTE","OK")
E9: =IFERROR(C9/D9,0) | F9: =H8 | G9: =IFERROR(SUMIF(Ventes!A:A,A9,Ventes!B:B),0) | H9: =MAX(0,F9+E9-G9) | I9: =IF(H9<Paramètres!B6,"ALERTE","OK")
E10: =IFERROR(C10/D10,0) | F10: =H9 | G10: =IFERROR(SUMIF(Ventes!A:A,A10,Ventes!B:B),0) | H10: =MAX(0,F10+E10-G10) | I10: =IF(H10<Paramètres!B6,"ALERTE","OK")
E11: =IFERROR(C11/D11,0) | F11: =H10 | G11: =IFERROR(SUMIF(Ventes!A:A,A11,Ventes!B:B),0) | H11: =MAX(0,F11+E11-G11) | I11: =IF(H11<Paramètres!B6,"ALERTE","OK")
E12: =IFERROR(C12/D12,0) | F12: =H11 | G12: =IFERROR(SUMIF(Ventes!A:A,A12,Ventes!B:B),0) | H12: =MAX(0,F12+E12-G12) | I12: =IF(H12<Paramètres!B6,"ALERTE","OK")
E13: =IFERROR(C13/D13,0) | F13: =H12 | G13: =IFERROR(SUMIF(Ventes!A:A,A13,Ventes!B:B),0) | H13: =MAX(0,F13+E13-G13) | I13: =IF(H13<Paramètres!B6,"ALERTE","OK")
E14: =IFERROR(C14/D14,0) | F14: =H13 | G14: =IFERROR(SUMIF(Ventes!A:A,A14,Ventes!B:B),0) | H14: =MAX(0,F14+E14-G14) | I14: =IF(H14<Paramètres!B6,"ALERTE","OK")
E15: =IFERROR(C15/D15,0) | F15: =H14 | G15: =IFERROR(SUMIF(Ventes!A:A,A15,Ventes!B:B),0) | H15: =MAX(0,F15+E15-G15) | I15: =IF(H15<Paramètres!B6,"ALERTE","OK")
E16: =IFERROR(C16/D16,0) | F16: =H15 | G16: =IFERROR(SUMIF(Ventes!A:A,A16,Ventes!B:B),0) | H16: =MAX(0,F16+E16-G16) | I16: =IF(H16<Paramètres!B6,"ALERTE","OK")
E17: =IFERROR(C17/D17,0) | F17: =H16 | G17: =IFERROR(SUMIF(Ventes!A:A,A17,Ventes!B:B),0) | H17: =MAX(0,F17+E17-G17) | I17: =IF(H17<Paramètres!B6,"ALERTE","OK")
E18: =IFERROR(C18/D18,0) | F18: =H17 | G18: =IFERROR(SUMIF(Ventes!A:A,A18,Ventes!B:B),0) | H18: =MAX(0,F18+E18-G18) | I18: =IF(H18<Paramètres!B6,"ALERTE","OK")
E19: =IFERROR(C19/D19,0) | F19: =H18 | G19: =IFERROR(SUMIF(Ventes!A:A,A19,Ventes!B:B),0) | H19: =MAX(0,F19+E19-G19) | I19: =IF(H19<Paramètres!B6,"ALERTE","OK")
E20: =IFERROR(C20/D20,0) | F20: =H19 | G20: =IFERROR(SUMIF(Ventes!A:A,A20,Ventes!B:B),0) | H20: =MAX(0,F20+E20-G20) | I20: =IF(H20<Paramètres!B6,"ALERTE","OK")
E21: =IFERROR(C21/D21,0) | F21: =H20 | G21: =IFERROR(SUMIF(Ventes!A:A,A21,Ventes!B:B),0) | H21: =MAX(0,F21+E21-G21) | I21: =IF(H21<Paramètres!B6,"ALERTE","OK")
E22: =IFERROR(C22/D22,0) | F22: =H21 | G22: =IFERROR(SUMIF(Ventes!A:A,A22,Ventes!B:B),0) | H22: =MAX(0,F22+E22-G22) | I22: =IF(H22<Paramètres!B6,"ALERTE","OK")
E23: =IFERROR(C23/D23,0) | F23: =H22 | G23: =IFERROR(SUMIF(Ventes!A:A,A23,Ventes!B:B),0) | H23: =MAX(0,F23+E23-G23) | I23: =IF(H23<Paramètres!B6,"ALERTE","OK")
E24: =IFERROR(C24/D24,0) | F24: =H23 | G24: =IFERROR(SUMIF(Ventes!A:A,A24,Ventes!B:B),0) | H24: =MAX(0,F24+E24-G24) | I24: =IF(H24<Paramètres!B6,"ALERTE","OK")
E25: =IFERROR(C25/D25,0) | F25: =H24 | G25: =IFERROR(SUMIF(Ventes!A:A,A25,Ventes!B:B),0) | H25: =MAX(0,F25+E25-G25) | I25: =IF(H25<Paramètres!B6,"ALERTE","OK")
E26: =IFERROR(C26/D26,0) | F26: =H25 | G26: =IFERROR(SUMIF(Ventes!A:A,A26,Ventes!B:B),0) | H26: =MAX(0,F26+E26-G26) | I26: =IF(H26<Paramètres!B6,"ALERTE","OK")
E27: =IFERROR(C27/D27,0) | F27: =H26 | G27: =IFERROR(SUMIF(Ventes!A:A,A27,Ventes!B:B),0) | H27: =MAX(0,F27+E27-G27) | I27: =IF(H27<Paramètres!B6,"ALERTE","OK")
E28: =IFERROR(C28/D28,0) | F28: =H27 | G28: =IFERROR(SUMIF(Ventes!A:A,A28,Ventes!B:B),0) | H28: =MAX(0,F28+E28-G28) | I28: =IF(H28<Paramètres!B6,"ALERTE","OK")
E29: =IFERROR(C29/D29,0) | F29: =H28 | G29: =IFERROR(SUMIF(Ventes!A:A,A29,Ventes!B:B),0) | H29: =MAX(0,F29+E29-G29) | I29: =IF(H29<Paramètres!B6,"ALERTE","OK")
E30: =IFERROR(C30/D30,0) | F30: =H29 | G30: =IFERROR(SUMIF(Ventes!A:A,A30,Ventes!B:B),0) | H30: =MAX(0,F30+E30-G30) | I30: =IF(H30<Paramètres!B6,"ALERTE","OK")
E31: =IFERROR(C31/D31,0) | F31: =H30 | G31: =IFERROR(SUMIF(Ventes!A:A,A31,Ventes!B:B),0) | H31: =MAX(0,F31+E31-G31) | I31: =IF(H31<Paramètres!B6,"ALERTE","OK")
E32: =IFERROR(C32/D32,0) | F32: =H31 | G32: =IFERROR(SUMIF(Ventes!A:A,A32,Ventes!B:B),0) | H32: =MAX(0,F32+E32-G32) | I32: =IF(H32<Paramètres!B6,"ALERTE","OK")
E33: =IFERROR(C33/D33,0) | F33: =H32 | G33: =IFERROR(SUMIF(Ventes!A:A,A33,Ventes!B:B),0) | H33: =MAX(0,F33+E33-G33) | I33: =IF(H33<Paramètres!B6,"ALERTE","OK")
E34: =IFERROR(C34/D34,0) | F34: =H33 | G34: =IFERROR(SUMIF(Ventes!A:A,A34,Ventes!B:B),0) | H34: =MAX(0,F34+E34-G34) | I34: =IF(H34<Paramètres!B6,"ALERTE","OK")
E35: =IFERROR(C35/D35,0) | F35: =H34 | G35: =IFERROR(SUMIF(Ventes!A:A,A35,Ventes!B:B),0) | H35: =MAX(0,F35+E35-G35) | I35: =IF(H35<Paramètres!B6,"ALERTE","OK")
E36: =IFERROR(C36/D36,0) | F36: =H35 | G36: =IFERROR(SUMIF(Ventes!A:A,A36,Ventes!B:B),0) | H36: =MAX(0,F36+E36-G36) | I36: =IF(H36<Paramètres!B6,"ALERTE","OK")
E37: =IFERROR(C37/D37,0) | F37: =H36 | G37: =IFERROR(SUMIF(Ventes!A:A,A37,Ventes!B:B),0) | H37: =MAX(0,F37+E37-G37) | I37: =IF(H37<Paramètres!B6,"ALERTE","OK")
E38: =IFERROR(C38/D38,0) | F38: =H37 | G38: =IFERROR(SUMIF(Ventes!A:A,A38,Ventes!B:B),0) | H38: =MAX(0,F38+E38-G38) | I38: =IF(H38<Paramètres!B6,"ALERTE","OK")
E39: =IFERROR(C39/D39,0) | F39: =H38 | G39: =IFERROR(SUMIF(Ventes!A:A,A39,Ventes!B:B),0) | H39: =MAX(0,F39+E39-G39) | I39: =IF(H39<Paramètres!B6,"ALERTE","OK")
E40: =IFERROR(C40/D40,0) | F40: =H39 | G40: =IFERROR(SUMIF(Ventes!A:A,A40,Ventes!B:B),0) | H40: =MAX(0,F40+E40-G40) | I40: =IF(H40<Paramètres!B6,"ALERTE","OK")
E41: =IFERROR(C41/D41,0) | F41: =H40 | G41: =IFERROR(SUMIF(Ventes!A:A,A41,Ventes!B:B),0) | H41: =MAX(0,F41+E41-G41) | I41: =IF(H41<Paramètres!B6,"ALERTE","OK")
E42: =IFERROR(C42/D42,0) | F42: =H41 | G42: =IFERROR(SUMIF(Ventes!A:A,A42,Ventes!B:B),0) | H42: =MAX(0,F42+E42-G42) | I42: =IF(H42<Paramètres!B6,"ALERTE","OK")
E43: =IFERROR(C43/D43,0) | F43: =H42 | G43: =IFERROR(SUMIF(Ventes!A:A,A43,Ventes!B:B),0) | H43: =MAX(0,F43+E43-G43) | I43: =IF(H43<Paramètres!B6,"ALERTE","OK")
E44: =IFERROR(C44/D44,0) | F44: =H43 | G44: =IFERROR(SUMIF(Ventes!A:A,A44,Ventes!B:B),0) | H44: =MAX(0,F44+E44-G44) | I44: =IF(H44<Paramètres!B6,"ALERTE","OK")
E45: =IFERROR(C45/D45,0) | F45: =H44 | G45: =IFERROR(SUMIF(Ventes!A:A,A45,Ventes!B:B),0) | H45: =MAX(0,F45+E45-G45) | I45: =IF(H45<Paramètres!B6,"ALERTE","OK")
E46: =IFERROR(C46/D46,0) | F46: =H45 | G46: =IFERROR(SUMIF(Ventes!A:A,A46,Ventes!B:B),0) | H46: =MAX(0,F46+E46-G46) | I46: =IF(H46<Paramètres!B6,"ALERTE","OK")
E47: =IFERROR(C47/D47,0) | F47: =H46 | G47: =IFERROR(SUMIF(Ventes!A:A,A47,Ventes!B:B),0) | H47: =MAX(0,F47+E47-G47) | I47: =IF(H47<Paramètres!B6,"ALERTE","OK")
E48: =IFERROR(C48/D48,0) | F48: =H47 | G48: =IFERROR(SUMIF(Ventes!A:A,A48,Ventes!B:B),0) | H48: =MAX(0,F48+E48-G48) | I48: =IF(H48<Paramètres!B6,"ALERTE","OK")
E49: =IFERROR(C49/D49,0) | F49: =H48 | G49: =IFERROR(SUMIF(Ventes!A:A,A49,Ventes!B:B),0) | H49: =MAX(0,F49+E49-G49) | I49: =IF(H49<Paramètres!B6,"ALERTE","OK")
E50: =IFERROR(C50/D50,0) | F50: =H49 | G50: =IFERROR(SUMIF(Ventes!A:A,A50,Ventes!B:B),0) | H50: =MAX(0,F50+E50-G50) | I50: =IF(H50<Paramètres!B6,"ALERTE","OK")
E51: =IFERROR(C51/D51,0) | F51: =H50 | G51: =IFERROR(SUMIF(Ventes!A:A,A51,Ventes!B:B),0) | H51: =MAX(0,F51+E51-G51) | I51: =IF(H51<Paramètres!B6,"ALERTE","OK")
E52: =IFERROR(C52/D52,0) | F52: =H51 | G52: =IFERROR(SUMIF(Ventes!A:A,A52,Ventes!B:B),0) | H52: =MAX(0,F52+E52-G52) | I52: =IF(H52<Paramètres!B6,"ALERTE","OK")
E53: =IFERROR(C53/D53,0) | F53: =H52 | G53: =IFERROR(SUMIF(Ventes!A:A,A53,Ventes!B:B),0) | H53: =MAX(0,F53+E53-G53) | I53: =IF(H53<Paramètres!B6,"ALERTE","OK")
E54: =IFERROR(C54/D54,0) | F54: =H53 | G54: =IFERROR(SUMIF(Ventes!A:A,A54,Ventes!B:B),0) | H54: =MAX(0,F54+E54-G54) | I54: =IF(H54<Paramètres!B6,"ALERTE","OK")
E55: =IFERROR(C55/D55,0) | F55: =H54 | G55: =IFERROR(SUMIF(Ventes!A:A,A55,Ventes!B:B),0) | H55: =MAX(0,F55+E55-G55) | I55: =IF(H55<Paramètres!B6,"ALERTE","OK")
E56: =IFERROR(C56/D56,0) | F56: =H55 | G56: =IFERROR(SUMIF(Ventes!A:A,A56,Ventes!B:B),0) | H56: =MAX(0,F56+E56-G56) | I56: =IF(H56<Paramètres!B6,"ALERTE","OK")
E57: =IFERROR(C57/D57,0) | F57: =H56 | G57: =IFERROR(SUMIF(Ventes!A:A,A57,Ventes!B:B),0) | H57: =MAX(0,F57+E57-G57) | I57: =IF(H57<Paramètres!B6,"ALERTE","OK")
E58: =IFERROR(C58/D58,0) | F58: =H57 | G58: =IFERROR(SUMIF(Ventes!A:A,A58,Ventes!B:B),0) | H58: =MAX(0,F58+E58-G58) | I58: =IF(H58<Paramètres!B6,"ALERTE","OK")
E59: =IFERROR(C59/D59,0) | F59: =H58 | G59: =IFERROR(SUMIF(Ventes!A:A,A59,Ventes!B:B),0) | H59: =MAX(0,F59+E59-G59) | I59: =IF(H59<Paramètres!B6,"ALERTE","OK")
E60: =IFERROR(C60/D60,0) | F60: =H59 | G60: =IFERROR(SUMIF(Ventes!A:A,A60,Ventes!B:B),0) | H60: =MAX(0,F60+E60-G60) | I60: =IF(H60<Paramètres!B6,"ALERTE","OK")
E61: =IFERROR(C61/D61,0) | F61: =H60 | G61: =IFERROR(SUMIF(Ventes!A:A,A61,Ventes!B:B),0) | H61: =MAX(0,F61+E61-G61) | I61: =IF(H61<Paramètres!B6,"ALERTE","OK")
E62: =IFERROR(C62/D62,0) | F62: =H61 | G62: =IFERROR(SUMIF(Ventes!A:A,A62,Ventes!B:B),0) | H62: =MAX(0,F62+E62-G62) | I62: =IF(H62<Paramètres!B6,"ALERTE","OK")
E63: =IFERROR(C63/D63,0) | F63: =H62 | G63: =IFERROR(SUMIF(Ventes!A:A,A63,Ventes!B:B),0) | H63: =MAX(0,F63+E63-G63) | I63: =IF(H63<Paramètres!B6,"ALERTE","OK")
E64: =IFERROR(C64/D64,0) | F64: =H63 | G64: =IFERROR(SUMIF(Ventes!A:A,A64,Ventes!B:B),0) | H64: =MAX(0,F64+E64-G64) | I64: =IF(H64<Paramètres!B6,"ALERTE","OK")
E65: =IFERROR(C65/D65,0) | F65: =H64 | G65: =IFERROR(SUMIF(Ventes!A:A,A65,Ventes!B:B),0) | H65: =MAX(0,F65+E65-G65) | I65: =IF(H65<Paramètres!B6,"ALERTE","OK")
E66: =IFERROR(C66/D66,0) | F66: =H65 | G66: =IFERROR(SUMIF(Ventes!A:A,A66,Ventes!B:B),0) | H66: =MAX(0,F66+E66-G66) | I66: =IF(H66<Paramètres!B6,"ALERTE","OK")
E67: =IFERROR(C67/D67,0) | F67: =H66 | G67: =IFERROR(SUMIF(Ventes!A:A,A67,Ventes!B:B),0) | H67: =MAX(0,F67+E67-G67) | I67: =IF(H67<Paramètres!B6,"ALERTE","OK")
E68: =IFERROR(C68/D68,0) | F68: =H67 | G68: =IFERROR(SUMIF(Ventes!A:A,A68,Ventes!B:B),0) | H68: =MAX(0,F68+E68-G68) | I68: =IF(H68<Paramètres!B6,"ALERTE","OK")
E69: =IFERROR(C69/D69,0) | F69: =H68 | G69: =IFERROR(SUMIF(Ventes!A:A,A69,Ventes!B:B),0) | H69: =MAX(0,F69+E69-G69) | I69: =IF(H69<Paramètres!B6,"ALERTE","OK")
E70: =IFERROR(C70/D70,0) | F70: =H69 | G70: =IFERROR(SUMIF(Ventes!A:A,A70,Ventes!B:B),0) | H70: =MAX(0,F70+E70-G70) | I70: =IF(H70<Paramètres!B6,"ALERTE","OK")
E71: =IFERROR(C71/D71,0) | F71: =H70 | G71: =IFERROR(SUMIF(Ventes!A:A,A71,Ventes!B:B),0) | H71: =MAX(0,F71+E71-G71) | I71: =IF(H71<Paramètres!B6,"ALERTE","OK")
E72: =IFERROR(C72/D72,0) | F72: =H71 | G72: =IFERROR(SUMIF(Ventes!A:A,A72,Ventes!B:B),0) | H72: =MAX(0,F72+E72-G72) | I72: =IF(H72<Paramètres!B6,"ALERTE","OK")
E73: =IFERROR(C73/D73,0) | F73: =H72 | G73: =IFERROR(SUMIF(Ventes!A:A,A73,Ventes!B:B),0) | H73: =MAX(0,F73+E73-G73) | I73: =IF(H73<Paramètres!B6,"ALERTE","OK")
E74: =IFERROR(C74/D74,0) | F74: =H73 | G74: =IFERROR(SUMIF(Ventes!A:A,A74,Ventes!B:B),0) | H74: =MAX(0,F74+E74-G74) | I74: =IF(H74<Paramètres!B6,"ALERTE","OK")
E75: =IFERROR(C75/D75,0) | F75: =H74 | G75: =IFERROR(SUMIF(Ventes!A:A,A75,Ventes!B:B),0) | H75: =MAX(0,F75+E75-G75) | I75: =IF(H75<Paramètres!B6,"ALERTE","OK")
E76: =IFERROR(C76/D76,0) | F76: =H75 | G76: =IFERROR(SUMIF(Ventes!A:A,A76,Ventes!B:B),0) | H76: =MAX(0,F76+E76-G76) | I76: =IF(H76<Paramètres!B6,"ALERTE","OK")
E77: =IFERROR(C77/D77,0) | F77: =H76 | G77: =IFERROR(SUMIF(Ventes!A:A,A77,Ventes!B:B),0) | H77: =MAX(0,F77+E77-G77) | I77: =IF(H77<Paramètres!B6,"ALERTE","OK")
E78: =IFERROR(C78/D78,0) | F78: =H77 | G78: =IFERROR(SUMIF(Ventes!A:A,A78,Ventes!B:B),0) | H78: =MAX(0,F78+E78-G78) | I78: =IF(H78<Paramètres!B6,"ALERTE","OK")
E79: =IFERROR(C79/D79,0) | F79: =H78 | G79: =IFERROR(SUMIF(Ventes!A:A,A79,Ventes!B:B),0) | H79: =MAX(0,F79+E79-G79) | I79: =IF(H79<Paramètres!B6,"ALERTE","OK")
E80: =IFERROR(C80/D80,0) | F80: =H79 | G80: =IFERROR(SUMIF(Ventes!A:A,A80,Ventes!B:B),0) | H80: =MAX(0,F80+E80-G80) | I80: =IF(H80<Paramètres!B6,"ALERTE","OK")
E81: =IFERROR(C81/D81,0) | F81: =H80 | G81: =IFERROR(SUMIF(Ventes!A:A,A81,Ventes!B:B),0) | H81: =MAX(0,F81+E81-G81) | I81: =IF(H81<Paramètres!B6,"ALERTE","OK")
E82: =IFERROR(C82/D82,0) | F82: =H81 | G82: =IFERROR(SUMIF(Ventes!A:A,A82,Ventes!B:B),0) | H82: =MAX(0,F82+E82-G82) | I82: =IF(H82<Paramètres!B6,"ALERTE","OK")
E83: =IFERROR(C83/D83,0) | F83: =H82 | G83: =IFERROR(SUMIF(Ventes!A:A,A83,Ventes!B:B),0) | H83: =MAX(0,F83+E83-G83) | I83: =IF(H83<Paramètres!B6,"ALERTE","OK")
E84: =IFERROR(C84/D84,0) | F84: =H83 | G84: =IFERROR(SUMIF(Ventes!A:A,A84,Ventes!B:B),0) | H84: =MAX(0,F84+E84-G84) | I84: =IF(H84<Paramètres!B6,"ALERTE","OK")
E85: =IFERROR(C85/D85,0) | F85: =H84 | G85: =IFERROR(SUMIF(Ventes!A:A,A85,Ventes!B:B),0) | H85: =MAX(0,F85+E85-G85) | I85: =IF(H85<Paramètres!B6,"ALERTE","OK")
E86: =IFERROR(C86/D86,0) | F86: =H85 | G86: =IFERROR(SUMIF(Ventes!A:A,A86,Ventes!B:B),0) | H86: =MAX(0,F86+E86-G86) | I86: =IF(H86<Paramètres!B6,"ALERTE","OK")
E87: =IFERROR(C87/D87,0) | F87: =H86 | G87: =IFERROR(SUMIF(Ventes!A:A,A87,Ventes!B:B),0) | H87: =MAX(0,F87+E87-G87) | I87: =IF(H87<Paramètres!B6,"ALERTE","OK")
E88: =IFERROR(C88/D88,0) | F88: =H87 | G88: =IFERROR(SUMIF(Ventes!A:A,A88,Ventes!B:B),0) | H88: =MAX(0,F88+E88-G88) | I88: =IF(H88<Paramètres!B6,"ALERTE","OK")
E89: =IFERROR(C89/D89,0) | F89: =H88 | G89: =IFERROR(SUMIF(Ventes!A:A,A89,Ventes!B:B),0) | H89: =MAX(0,F89+E89-G89) | I89: =IF(H89<Paramètres!B6,"ALERTE","OK")
E90: =IFERROR(C90/D90,0) | F90: =H89 | G90: =IFERROR(SUMIF(Ventes!A:A,A90,Ventes!B:B),0) | H90: =MAX(0,F90+E90-G90) | I90: =IF(H90<Paramètres!B6,"ALERTE","OK")
E91: =IFERROR(C91/D91,0) | F91: =H90 | G91: =IFERROR(SUMIF(Ventes!A:A,A91,Ventes!B:B),0) | H91: =MAX(0,F91+E91-G91) | I91: =IF(H91<Paramètres!B6,"ALERTE","OK")
E92: =IFERROR(C92/D92,0) | F92: =H91 | G92: =IFERROR(SUMIF(Ventes!A:A,A92,Ventes!B:B),0) | H92: =MAX(0,F92+E92-G92) | I92: =IF(H92<Paramètres!B6,"ALERTE","OK")
E93: =IFERROR(C93/D93,0) | F93: =H92 | G93: =IFERROR(SUMIF(Ventes!A:A,A93,Ventes!B:B),0) | H93: =MAX(0,F93+E93-G93) | I93: =IF(H93<Paramètres!B6,"ALERTE","OK")
E94: =IFERROR(C94/D94,0) | F94: =H93 | G94: =IFERROR(SUMIF(Ventes!A:A,A94,Ventes!B:B),0) | H94: =MAX(0,F94+E94-G94) | I94: =IF(H94<Paramètres!B6,"ALERTE","OK")
E95: =IFERROR(C95/D95,0) | F95: =H94 | G95: =IFERROR(SUMIF(Ventes!A:A,A95,Ventes!B:B),0) | H95: =MAX(0,F95+E95-G95) | I95: =IF(H95<Paramètres!B6,"ALERTE","OK")
E96: =IFERROR(C96/D96,0) | F96: =H95 | G96: =IFERROR(SUMIF(Ventes!A:A,A96,Ventes!B:B),0) | H96: =MAX(0,F96+E96-G96) | I96: =IF(H96<Paramètres!B6,"ALERTE","OK")
E97: =IFERROR(C97/D97,0) | F97: =H96 | G97: =IFERROR(SUMIF(Ventes!A:A,A97,Ventes!B:B),0) | H97: =MAX(0,F97+E97-G97) | I97: =IF(H97<Paramètres!B6,"ALERTE","OK")
E98: =IFERROR(C98/D98,0) | F98: =H97 | G98: =IFERROR(SUMIF(Ventes!A:A,A98,Ventes!B:B),0) | H98: =MAX(0,F98+E98-G98) | I98: =IF(H98<Paramètres!B6,"ALERTE","OK")
E99: =IFERROR(C99/D99,0) | F99: =H98 | G99: =IFERROR(SUMIF(Ventes!A:A,A99,Ventes!B:B),0) | H99: =MAX(0,F99+E99-G99) | I99: =IF(H99<Paramètres!B6,"ALERTE","OK")
E100: =IFERROR(C100/D100,0) | F100: =H99 | G100: =IFERROR(SUMIF(Ventes!A:A,A100,Ventes!B:B),0) | H100: =MAX(0,F100+E100-G100) | I100: =IF(H100<Paramètres!B6,"ALERTE","OK")
...

Sheet Ventes
A1: Date | B1: Quantité vendue (L) | C1: Montant encaissé
